tag	total	roms	images
SGB Enhanced	743	0	743
GB Compatible	587	0	587
J1	295	295	0
by $olo1870	140	140	0
2M	137	0	137
Program	103	79	24
1M	88	0	88
NP	78	0	78
Early Days Collection	59	0	59
Major Wave	51	0	51
Shokai Genteiban	49	0	49
Namcot Collection	42	21	21
EDC	40	0	40
3M	37	0	37
Mega Drive 4	34	0	34
Rumble Version	33	0	33
Whirlwind Manu	32	19	13
Family BASIC	31	19	12
Kaiser	31	20	11
RE	31	0	31
Controller Set	30	0	30
FBX	30	30	0
R	30	22	8
b	30	1	29
AES	28	28	0
Unknown	28	11	17
Genteiban	26	0	26
Possible Proto	25	2	23
Rerelease	24	0	24
4M	23	0	23
Castlevania Anniversary Collection	23	8	15
Tengen	23	9	14
Test Program	23	11	12
FamicomBox	22	11	11
Retro-Bit	22	0	22
72 pin cart	21	17	4
Capcom Town	21	4	17
NTSC	21	16	5
10M	20	0	20
Byte-Off 2019	20	20	0
Piko Interactive	20	1	19
Trade Demo	20	0	20
Atari Flashback	19	19	0
Contra Anniversary Collection	18	4	14
Culture Publishers	18	0	18
Namcot Collection, Namco Museum Archives Vol 1	18	9	9
The Cowabunga Collection	18	7	11
Animal Crossing	17	0	17
Music Program	16	16	0
Othello Multivision	16	0	16
2S	15	0	15
Alt 2	15	2	13
Collection of Mana	15	0	15
QUByte Classics	15	0	15
Taikenban	15	0	15
Waixing	15	11	4
1S	14	0	14
CGB+SGB Enhanced	14	0	14
FABT	14	0	14
Hummer Team	14	5	9
Netcard	14	0	14
Premium Box	14	0	14
f	14	14	0
4S	13	0	13
Debug	13	0	13
Digital	13	9	4
SGB Enhanced, GB Compatible	13	0	13
Super Game	13	7	6
Castlevania Advance Collection	12	0	12
Idea-Tek	12	10	2
Ka Sheng	12	8	4
Konami Collector's Series	12	6	6
Mega Man Legacy Collection	12	6	6
NESDev Compo 2016	12	12	0
Namco Museum Archives Vol 2	12	6	6
RE-1	12	0	12
SC-3000	12	0	12
Sega CD 32X	12	0	12
The Disney Afternoon Collection	12	6	6
3S	11	0	11
Enhancement Chip	11	0	11
Marvel MaXimum Collection	11	0	11
Sly Dog Studios	11	11	0
Special Disc	11	0	11
11M	10	0	10
Alt 1	10	0	10
Atari Anthology	10	0	10
Cowabunga Collection, The	10	0	10
IE Institute	10	0	10
Imagineer	10	0	10
ModRetro Chromatic	10	0	10
NINA-06	10	6	4
NTDEC	10	8	2
Sachen	10	4	6
Subor Keyboard	10	10	0
5M	9	0	9
Auto Demo	9	0	9
Columbus Circle	9	0	9
Mega-CD 32X	9	0	9
Namco	9	4	5
Namcot Collection, Namco Museum Archives Vol 2	9	5	4
Retro-Bit Generations	9	2	7
Robert L Bryant	9	9	0
Shokai Tokutenban	9	0	9
1995	8	4	4
60 pin cart	8	7	1
C&E	8	5	3
Fukyuuban	8	0	8
GDI	8	0	8
J-Cart	8	0	8
Limited Edition	8	2	6
NESDev 2017	8	8	0
NOD	8	0	8
PSone Books	8	0	8
RE2	8	0	8
Sega Ages	8	0	8
The Game	8	0	8
UNROM	8	8	0
sai	8	0	8
set 2	8	8	0
Datach	7	0	7
Deluxe Pack	7	0	7
Game no Kanzume Otokuyou	7	0	7
Made in USA	7	0	7
Mega Soft	7	7	0
Micro Genius	7	7	0
Ocean	7	5	2
SEGA Classic Collection	7	0	7
Track 01	7	7	0
Track 02	7	7	0
Track 03	7	7	0
Track 04	7	7	0
Track 05	7	7	0
Track 06	7	7	0
Track 07	7	7	0
Track 08	7	7	0
Track 09	7	7	0
Track 10	7	7	0
Track 11	7	7	0
by hellboy73	7	7	0
All Unlocked	6	0	6
Allies	6	0	6
Arlasoft - 2021	6	6	0
Artdink Best Choice	6	0	6
Bulletproof	6	3	3
Byte-Off 2022	6	6	0
Capcom Classics Mini Mix	6	3	3
Collection of SaGa	6	0	6
DG	6	6	0
Earlier	6	2	4
FS005	6	6	0
Fingers	6	0	6
Hengge	6	6	0
JK	6	6	0
Jaleco	6	3	3
Jeffrey Wittenhagen's	6	6	0
Jncota	6	5	1
Lock-on Combination	6	0	6
MB-91	6	4	2
Made in Japan	6	0	6
Mastertronic	6	6	0
Mega Man X Legacy Collection	6	0	6
Metal Gear Solid Collection	6	3	3
NESDev Compo 2019	6	6	0
Ninja JaJaMaru Retro Collection	6	0	6
Not for Resale	6	1	5
Omake Disc	6	0	6
Preview	6	0	6
SNK 40th Anniversary Collection	6	3	3
Sega 3D Classics	6	0	6
Shotenban	6	0	6
Super Fighter Team	6	0	6
Track 12	6	6	0
Track 13	6	6	0
bootleg	6	6	0
set 1	6	6	0
1M, 2M	5	0	5
2016	5	5	0
2M, 3M	5	0	5
5S	5	0	5
7S	5	0	5
Aladdin Compact Cartridge	5	3	2
Alt2	5	5	0
Alt3	5	5	0
BIOS	5	5	0
BNROM	5	5	0
Byte-Off 2020	5	5	0
Caltron	5	4	1
Competition Cart	5	2	3
Coolboy	5	4	1
Darius Cozmic Collection	5	0	5
FAAT	5	0	5
Fire & Earth	5	0	5
Fixed	5	0	5
Kickstarter	5	5	0
Limited Box	5	0	5
Lost One Disc	5	0	5
Mad Dog	5	0	5
Made in EU	5	0	5
NESDev Compo 2018	5	5	0
NESDev Compo 2022	5	5	0
Opening Disc	5	0	5
P's Club Special Edition	5	0	5
PD	5	5	0
Premium Disc	5	0	5
Premium Edition	5	0	5
Premium Package	5	0	5
Pt-BR	5	5	0
Retro Rewind Collection	5	0	5
Rockman 123	5	5	0
Satakore	5	0	5
Smash	5	0	5
Sunsoft	5	3	2
TXC	5	3	2
Tokubetsuban	5	0	5
United Kingdom	5	1	4
Version 3.5	5	0	5
Zelda Collection	5	0	5
13M	4	0	4
1996	4	3	1
1M, 4M	4	0	4
6M	4	0	4
980332	4	2	2
Acclaim	4	2	2
Activision Anthology - Remix Edition	4	0	4
Aquasphere	4	0	4
Byakko	4	0	4
Earth Federation Disc	4	0	4
Electronica	4	2	2
En,Fr,De+En	4	0	4
Extra Disc	4	0	4
Final Version	4	3	1
Game no Kanzume Vol. 2	4	0	4
Gekan	4	0	4
Genbu	4	0	4
Grandslam	4	4	0
HAL Laboratory	4	0	4
Hacker	4	2	2
HeartBeat Catalyst	4	0	4
Honkakuha de 1300	4	0	4
Hudson	4	2	2
J.Y. Company	4	3	1
Joukan	4	0	4
Juice	4	0	4
Konami	4	2	2
Kyoko Disc	4	0	4
Landsphere	4	0	4
NES-BK	4	2	2
NESDev 2022	4	4	0
NESDev Compo 2014	4	4	0
NINA-03	4	2	2
Namco Museum Archives Vol 1	4	2	2
Psytronik - 2013	4	4	0
R4 + JogCon	4	0	4
RE1	4	0	4
Second Window	4	0	4
Seiryuu	4	0	4
Simplified	4	2	2
Snake	4	2	2
Snake Disc	4	0	4
Sonic Classic Collection	4	0	4
Soviet	4	0	4
Super Mega	4	2	2
Suzaku	4	0	4
TND - 2021	4	4	0
TND - 2022	4	4	0
Track 14	4	4	0
Track 15	4	4	0
Track 16	4	4	0
Track 17	4	4	0
Track 18	4	4	0
Track 19	4	4	0
Track 20	4	4	0
Track 21	4	4	0
Wind & Fang Tu	4	0	4
Zeon Disc	4	0	4
iam8bit	4	2	2
v0.22-132	4	4	0
+1 Tasu Ichi	3	0	3
1-A	3	3	0
1-B	3	3	0
1-G	3	3	0
12M	3	0	3
1993	3	2	1
1M, 3M	3	0	3
2019	3	3	0
20M	3	0	3
3A	3	0	3
Activision	3	1	2
Airwalk Studios	3	3	0
Aleste Collection	3	0	3
Angelique History	3	0	3
Antonio Savona - 2019	3	3	0
Best Wing 2800	3	0	3
Best of the Best	3	0	3
Bonus Disc	3	0	3
Chuukan	3	0	3
Damian Yerrick	3	3	0
Das Spiel	3	0	3
Digital Version	3	3	0
Dragon Co.	3	2	1
En,Ja,Fr,De,Es+En,Ja,Fr,De,Es,It	3	0	3
En,Pt-BR	3	2	1
En-US,En-GB,Fr,De,Es,It	3	0	3
Evolution Disc	3	0	3
Extendo UnCut Edition	3	3	0
Extract	3	0	3
Final	3	1	2
Firebird	3	3	0
Fukkokuban	3	0	3
Fukyuuban 1500	3	0	3
GMod2	3	3	0
GTROM	3	3	0
Game no Kanzume Vol. 1	3	0	3
GameVillage The Best	3	0	3
Gentei Box	3	0	3
Go! Go! Casino	3	0	3
Gran Turismo	3	0	3
Haplo - 2022	3	3	0
Houkai-hen	3	0	3
Hwang Shinwei	3	2	1
Ice Team - 2013	3	3	0
In	3	0	3
Jou	3	2	1
Kitmaker	3	0	3
Kyouchou-hen	3	0	3
Le Jeu	3	0	3
MAX	3	3	0
Making Disc	3	0	3
NESDev 2016	3	3	0
NESDev Compo 2011	3	3	0
NESDev Compo 2017	3	3	0
Not For Resale	3	1	2
Omake CD	3	0	3
Part 1	3	3	0
Part 2	3	3	0
Players	3	2	1
Pokemon Channel	3	0	3
Premium CD-ROM	3	0	3
Press Down, Circle, Down, Right, Circle to Set to English	3	3	0
RE125	3	0	3
Reprint	3	0	3
RetroZone	3	2	1
Road Blaster	3	0	3
SG Enhanced	3	0	3
Second Dimension	3	2	1
Sega	3	2	1
Sega Reactor	3	0	3
Sega Smash Pack	3	0	3
Seiken Densetsu Collection	3	0	3
Simulation Mode	3	0	3
Songbird	3	0	3
Special Edition	3	0	3
SuperVision	3	2	1
TKROM	3	3	0
TND - 2019	3	3	0
Taito	3	1	2
Tech Demo	3	1	2
Test Drive	3	0	3
Thunder Storm	3	0	3
Track 1	3	3	0
Track 2	3	3	0
Track 22	3	3	0
Track 23	3	3	0
Traditional	3	2	1
Trial Edition	3	2	1
Tsang Hai	3	3	0
UNROM-512	3	3	0
You	3	0	3
emu	3	0	3
0100396	2	1	1
0100551	2	1	1
047	2	1	1
09-034A PCB	2	1	1
10.13-10.15 Incl.	2	0	2
15S	2	0	2
16 Fighters	2	1	1
16 People	2	2	0
1989-12-xx	2	1	1
1A	2	0	2
2002 Version - EU	2	2	0
200314121	2	1	1
2003SR7416	2	1	1
21M	2	0	2
2A	2	0	2
2B	2	0	2
4 characters	2	1	1
4-G	2	2	0
4-in-1	2	0	2
5S, 6S	2	0	2
6S	2	0	2
761214 PCB	2	1	1
8 Fighters	2	1	1
8 characters	2	1	1
8-bit Adventure Anthology - Volume I	2	0	2
960100549	2	1	1
970100588	2	1	1
970100681	2	1	1
970260	2	1	1
970307	2	1	1
970498	2	1	1
980005	2	1	1
980186	2	1	1
981208	2	1	1
A	2	0	2
A-N7	2	1	1
A-N8	2	1	1
A-Q3	2	2	0
AB CARD-15	2	1	1
AP009	2	1	1
Action 53 Version	2	2	0
Age of Empires	2	2	0
Alternative Software	2	2	0
ArchiMENdes Hen	2	1	1
Arlasoft - 2020	2	2	0
Arlasoft - 2022	2	2	0
Asder	2	2	0
B	2	0	2
Bandai the Best	2	0	2
Bensheng	2	2	0
Bit Corp.	2	0	2
Blue Version	2	1	1
Build 132	2	2	0
C	2	0	2
CK-001	2	1	1
CRL	2	2	0
Can Bani Himekuri Calendar	2	0	2
Carleton Handley - 2020	2	2	0
Centaurus	2	2	0
Chiki-Chiki Dog	2	1	1
Chronicles of Arthur	2	0	2
Claire-hen	2	0	2
Co Tung	2	1	1
Color Dreams	2	1	1
Commodore	2	2	0
Competition Cart, Nintendo Power mail-order	2	0	2
Compilation by Meduza Team, Rev 2.51	2	2	0
Conector	2	1	1
Controller Doukon Set	2	0	2
Cony Soft	2	2	0
Creative Software	2	2	0
DSI	2	0	2
DX	2	1	1
DX Pack	2	0	2
De+En,Fr,De,Es,It,Nl,Sv,Da	2	0	2
DigiCube Best Selection	2	0	2
Digital Release	2	2	0
Double Density - 1990	2	2	0
Doukonban	2	0	2
Dracula Detective	2	0	2
Dragon Quest IV	2	2	0
Dual Shock Edition	2	0	2
ECP	2	2	0
EJ-4003	2	1	1
EPROM	2	1	1
Easy Version	2	1	1
Easy Zapping	2	0	2
Elite	2	2	0
En,Fr,De+En,Fr,De,Es	2	0	2
En,Ja,Zh-Hant	2	0	2
Ending Credits Program	2	1	1
Enhanced	2	1	1
Episode 1 - Tsuki no Shinden	2	0	2
Episode 2 - Shitou! Wily Numbers	2	0	2
Episode 3 - Saigo no Tatakai!!	2	0	2
Es+En,Fr,De,Es,It,Nl,Sv,Da	2	0	2
EverQuest	2	2	0
FAAT, FACT	2	0	2
FC-28 5027	2	1	1
FK-8380	2	1	1
Fast Tanks	2	0	2
Fine Studio	2	1	1
Fr+En,Fr,De,Es,It,Nl,Sv,Da	2	0	2
From Tokimeki Memorial - JP	2	2	0
Front Mission History	2	0	2
GB Showdown	2	0	2
GDI Disc	2	0	2
Ge	2	1	1
Ge De	2	1	1
Genteiban!	2	1	1
Gouder	2	1	1
Grand Trial Onnanoco	2	0	2
Green Disc	2	0	2
Hi-Tec - Unreleased	2	2	0
Hibaihin	2	0	2
Hilarious AI English Dub by Sideside	2	2	0
Honpen Game Sen'you	2	0	2
Hoshi no Kirby - 20 Shuunen Special Collection	2	0	2
Ichi	2	0	2
International Version	2	0	2
It+En,Fr,De,Es,It,Nl,Sv,Da	2	0	2
J-C5	2	1	1
JP - Disc 1 - Time Gal	2	2	0
JP - Disc 2 - Ninja Hayate	2	2	0
JP - Disc 2 - Road Blaster	2	2	0
Japanese	2	2	0
Japanese Version	2	0	2
Java Tea Original	2	0	2
K-F1	2	1	1
KS-7017	2	2	0
KS-7050	2	2	0
Kemco	2	1	1
Kids Station Controller Set	2	0	2
Kirby's Dream Collection - Special Edition	2	0	2
Koudansha Rengou Kikaku Tokubetsu Disc	2	0	2
Kyugo	2	1	1
LA02	2	2	0
LA21	2	2	0
LC Games - 2022	2	2	0
LH31	2	2	0
Launch Cart	2	0	2
Leon-hen	2	0	2
Let's Surogoku	2	0	2
Ludum Dare 38	2	2	0
Ludum Dare 49	2	2	0
M-O9	2	1	1
MAX v02	2	2	0
Made in E.U.	2	0	2
Made in U.S.A.	2	0	2
Mars Production	2	1	1
Mega Man X Collection	2	0	2
Mega Power, Sega Pro	2	0	2
Megastyle - 2022	2	2	0
Meinu Quan	2	1	1
Menu	2	0	2
Midway Classics	2	0	2
Mr Micro	2	2	0
NA - Disc 1 - Allies	2	2	0
NA - Disc 1 - GDI	2	2	0
NA - Disc 2 - NOD	2	2	0
NA - Disc 2 - Soviet	2	2	0
NES-N7	2	1	1
NESDev 2011	2	2	0
NESDev 2014	2	2	0
NESDev 2018	2	2	0
NOD Disc	2	0	2
NROM	2	2	0
NT-6079	2	1	1
NT-6088	2	1	1
NT-622	2	1	1
NT-656	2	1	1
Namco Anthology 1	2	1	1
Nanjing	2	2	0
Nei-Hu	2	1	1
Nescafe-ban	2	0	2
Ni	2	0	2
Ninja Hayate	2	0	2
NintendoAge	2	2	0
Nioreh	2	2	0
No Sound	2	2	0
Normalized	2	2	0
Otameshi Disc	2	0	2
PAL-MA-0	2	1	1
PAL-MC-0, Classic Series	2	1	1
PCB	2	2	0
Part A	2	0	2
Part B	2	0	2
Part One	2	0	2
Part Two	2	0	2
Password Version	2	0	2
Pokemon Box	2	0	2
Preliminary Speed Version	2	2	0
Preview Edition by Namco	2	0	2
Princess Kurara	2	0	2
Project EGG	2	1	1
Psytronik - 2012	2	2	0
Psytronik - 2016	2	2	0
Putative Proto	2	0	2
R-B1	2	1	1
RC.2	2	2	0
RCM Group	2	1	1
RE3	2	0	2
Rabbit Software	2	2	0
Reinhart Version	2	0	2
Renkaban	2	0	2
S-R2	2	1	1
SA-002 3011 PCB	2	1	1
SA-016 PCB	2	1	1
SABS	2	0	2
SCUS-94489	2	0	2
SGROM	2	2	0
SN 406	2	1	1
SNS-XM	2	0	2
Samar Productions	2	2	0
Scott Holder	2	2	0
Sega Smash Pack 2	2	0	2
SegaNet	2	0	2
Shindou Edition	2	0	2
Shockwave - Invasion Earth	2	0	2
Shockwave - Operation Jumpgate	2	0	2
Shokai Gentei Deluxe Pack	2	0	2
Shokai Gentei Seisanban	2	0	2
Shokai Gentei Special Box	2	0	2
Shokai Tokuten Reinhart Genteiban	2	0	2
Shokai Tokuten Yan Genteiban	2	0	2
Shouhin Golf Tournament US Course	2	1	1
Simultaneous 2 Player Game	2	0	2
Sonic Mega Collection	2	0	2
Sound Data	2	2	0
Sovietiques	2	0	2
Space General	2	2	0
Spike Library	2	0	2
Star Fox - Assault	2	0	2
Subor	2	1	1
Sumaru TV Special Preview Disc	2	0	2
Super 308	2	1	1
Super Mario All-Stars - 25th Anniversary	2	0	2
Super Mega Drive 3	2	0	2
Supercom	2	1	1
T-A1	2	1	1
TGROM	2	2	0
TND - 2000	2	2	0
TND - 2001	2	2	0
TND - 2002	2	2	0
TND - 2005	2	2	0
TND - 2013	2	2	0
TND - 2015	2	2	0
TND - 2016	2	2	0
TND - 2017	2	2	0
TND - 2023	2	2	0
TONY-I PCB	2	1	1
Taisen Game Sen'you	2	0	2
The First Generation	2	0	2
The Making of	2	0	2
The Power House	2	2	0
Time Gal	2	0	2
Track 24	2	2	0
Track 25	2	2	0
Track 26	2	2	0
Track 27	2	2	0
Track 28	2	2	0
Track 29	2	2	0
Track 3	2	2	0
Track 30	2	2	0
Track 31	2	2	0
Track 32	2	2	0
Track 33	2	2	0
Track 34	2	2	0
Track 35	2	2	0
Track 36	2	2	0
Track 37	2	2	0
Track 38	2	2	0
VPick Included	2	0	2
Vector5 Games - 2022	2	2	0
Version 4	2	0	2
Very Easy Version	2	1	1
Victor	2	1	1
Visual Demo	2	2	0
Vivendi	2	0	2
Vol. 1 - Toki no Maigo	2	0	2
Wings of Destiny	2	0	2
Xianfeng	2	2	0
YS-612 PCB	2	1	1
YUNG-08 PCB	2	1	1
Ya Se Chuanshuo	2	0	2
Young Chivalry	2	2	0
Zh-Hans	2	0	2
Zh-Hant	2	0	2
Zhenhua	2	2	0
ghostlop	2	2	0
ironclad	2	2	0
set 3	2	2	0
vA1	2	0	2
www.retroPLAYER.nl	2	2	0
'94.9.1 Version 1.0	1	0	1
'95.8.1 Version 1.0 R2.0	1	0	1
'96 Tokyo Omocha Show	1	0	1
0.10b	1	1	0
0.26	1	1	0
0100382	1	1	0
0100703	1	1	0
0100705	1	1	0
0100725	1	1	0
05838962	1	0	1
1 EPROM	1	0	1
10.11-10.13 Incl.	1	0	1
10M, 11M	1	0	1
10M, 11M, 12M, 13M	1	0	1
10M, 12M	1	0	1
10S	1	0	1
12S	1	0	1
150-in-1 Real Game	1	1	0
15M	1	0	1
18 Fighter	1	1	0
1982	1	0	1
1982 Version	1	1	0
1983	1	0	1
1983-08-xx	1	0	1
1983-xx-xx	1	0	1
1988-11-xx	1	0	1
1989-xx-xx	1	1	0
1991	1	1	0
1998-07-05T180056	1	0	1
1998-07-05T215532	1	0	1
1998-07-14T022124	1	0	1
1998-07-14T181500	1	0	1
1B-004, EB-004, Sachen	1	0	1
1JAM-Loop	1	1	0
1M, 2M, 3M	1	0	1
1M, 2M, 4M	1	0	1
1M, 2MB2	1	0	1
1M, 3M, 4M	1	0	1
1M, 5M	1	0	1
2 EPROMs	1	0	1
2 Types	1	0	1
2000-06-xx	1	0	1
2000-07-16T211412	1	0	1
2000-07-16T220245	1	0	1
2000-08-xx	1	0	1
2004SR01259	1	1	0
2004SR05368	1	1	0
2006SR04301	1	1	0
2006SR04303	1	1	0
2006SR04307	1	1	0
2006SR04308	1	1	0
2007, November	1	1	0
2011	1	1	0
2014	1	1	0
2019-xx-xx	1	1	0
2020	1	1	0
2020bb	1	1	0
2020bba	1	1	0
2020bbh	1	1	0
2021	1	1	0
2021 Jam Version	1	0	1
22M	1	0	1
23M	1	0	1
245-in-1 Real Game	1	1	0
256KiB	1	0	1
2A, 2B	1	0	1
2M, 4M	1	0	1
2M, 5M	1	0	1
2M1, 2MB1	1	0	1
2M2	1	0	1
2MB3	1	0	1
2nd Print Edition	1	1	0
30C	1	0	1
31B, 34C	1	0	1
31B-001, Sachen	1	0	1
32B, 37A, 37M	1	0	1
32M	1	0	1
32X CD	1	0	1
35B, 35C	1	0	1
36B, 36C	1	0	1
39B	1	0	1
3A, 3B	1	0	1
3A, 3C	1	0	1
3DO Magazine - Issue 10	1	0	1
3DO Training Educational System	1	0	1
3M, 4M, 5M, 6M	1	0	1
3R	1	0	1
3countb	1	1	0
40M	1	0	1
41M	1	0	1
42M	1	0	1
4A, 4B	1	0	1
4B-001, 4B-009, 8B-001, Sachen	1	0	1
4B-002, 4B-004, 8B-002, Sachen	1	0	1
4B-005, 4B-006, 8B-003, Sachen	1	0	1
4B-007, 4B-008, 8B-004, Sachen	1	0	1
4M, 5M	1	0	1
5-in-1	1	0	1
5-in-1 - NA	1	1	0
512KiB	1	0	1
5A	1	0	1
5R, 6R	1	0	1
60 Hz	1	0	1
64'er	1	1	0
7M	1	0	1
7M, 10M	1	0	1
7M, 9M, 10M	1	0	1
8 People	1	1	0
879cbea	1	1	0
8M, 13M	1	0	1
8M, 9M	1	0	1
8S, 12S	1	0	1
8S, 9S, 17S	1	0	1
8d96be2	1	1	0
9 Fighter	1	1	0
960100577	1	1	0
960268	1	1	0
960270	1	1	0
960415	1	1	0
960418	1	1	0
970100587	1	1	0
970100684	1	1	0
970158	1	1	0
970266	1	1	0
970487	1	1	0
970489	1	1	0
970493	1	1	0
980100026	1	1	0
980100029	1	1	0
980100295	1	1	0
980100461	1	1	0
980185	1	1	0
980334	1	1	0
980337	1	1	0
980340	1	1	0
980342	1	1	0
980584	1	1	0
980816	1	1	0
990031	1	1	0
A-N2	1	1	0
A8FE	1	0	1
A8FP	1	0	1
AA1201	1	1	0
AES Ori	1	1	0
AFMJ	1	0	1
AI - EU	1	1	0
AS300	1	1	0
ASN 0097	1	1	0
AZTP	1	0	1
AZTX	1	0	1
Accolade	1	0	1
Action 53	1	1	0
Add-on	1	0	1
Addition	1	0	1
Adventure Kid, Power Block, Twin Mouse, and Cave Dude - AU	1	1	0
Adventurer and Code Cracker - EU	1	1	0
Akai - Ichimonji - Yae	1	0	1
Aladdin Compact Cartridge, Plug-Thru	1	0	1
Alligata	1	1	0
Alt A	1	1	0
Alt B	1	1	0
Alt C	1	1	0
Android, Quiz, Logic, and R-Type - EU	1	1	0
Andy Noble - 2017	1	1	0
Anirog	1	1	0
Anirog Software	1	1	0
Anniversary Pack	1	0	1
Announcement Version	1	1	0
Anthony Stiller - 2015	1	1	0
Antonio Inoki Intai Kinen Genteiban	1	0	1
Antonio Savona - 2020	1	1	0
Append	1	0	1
Archery, Reversi, and Card Games - EU	1	1	0
Argus Press Software	1	1	0
Aris-Soft - 2021	1	1	0
Artworx	1	1	0
Astrovision	1	0	1
Atari	1	1	0
AtariAge	1	0	1
Atarisoft	1	0	1
Atarisoft - Unreleased	1	1	0
Atoms, Retros, and Annoyance - EU	1	1	0
Autumn	1	0	1
Avatar - 2013	1	1	0
B-S2	1	1	0
BA058	1	1	0
BFWJ	1	0	1
BG2	1	1	0
BJ-56	1	1	0
BJJP	1	0	1
BJJX	1	0	1
BPS the Choice	1	0	1
BPTP	1	0	1
BPTX	1	0	1
BPV	1	0	1
BUG Fixed	1	0	1
Badgerpunch Games - 2020	1	1	0
Bally	1	0	1
Bandit Fruit Machine and Mazemaker - EU	1	1	0
Bang! - EU	1	1	0
Baton Controller Doukonban	1	0	1
Battery Save Version	1	1	0
Battle.net	1	0	1
Bearmix, Cebi, M&Ms, Meteors, Cyber Mouse, Sitting Duck, and Spheres - EU	1	1	0
Beeble - EU	1	1	0
Behind Closed Doors - EU	1	1	0
Behind Closed Doors - The Sequel - EU	1	1	0
Behind Closed Doors III - EU	1	1	0
Beyond Belief	1	1	0
Beyond Reproach - 2009	1	1	0
Big Gunz and Epicentre - EU	1	1	0
Bingo, Shinkei Suijaku, and Cockroach - JP	1	1	0
Bit Corporation	1	0	1
Black & White	1	1	0
Blast! and Miall - EU	1	1	0
Blast-a-Mac and Dark Vortex - EU	1	1	0
Blazing Guns	1	0	1
Blockbuster Flash ROM	1	0	1
Body Bits, Pacdemo, and Viking Raiders - EU	1	1	0
Boggle, Megabert, Monopoly, and Pontoon Deluxe - EU	1	1	0
Bomb!, Saucer Strike, Deflection, and Colourcode - EU	1	1	0
Bombardment and Os and Xs - EU	1	1	0
Bombed Out, Nuclear Waste, Magic Caves, and Blockade - EU	1	1	0
Bomber - EU	1	1	0
Bomberman Collection	1	0	1
Bonus Disc Part 1	1	0	1
Bonus Disc Part 2	1	0	1
Bonus Disk	1	0	1
Bonus PlayStation Disc	1	0	1
Boony - 2023	1	1	0
Boot Disk	1	1	0
Booze Design - 2021	1	1	0
Boxset	1	0	1
Brave Charge Box	1	0	1
Bright Version	1	0	1
Broke Studio	1	0	1
Bub, Turbo Worm, Invaders, Chemistry Test, Dan's Diamonds, and Asteroids - EU	1	1	0
Build 03854	1	1	0
Build 03945	1	1	0
Build 141	1	1	0
Build 143	1	1	0
Build 157	1	1	0
Build 158	1	1	0
Build 167	1	1	0
Build 186	1	1	0
Build 190	1	1	0
Build 194	1	1	0
Build 208	1	1	0
Build 209	1	1	0
Build 211	1	1	0
Build 221	1	1	0
Build 231	1	1	0
Build 235	1	1	0
Build 239	1	1	0
Build 243	1	1	0
Build 249	1	1	0
Build 252	1	1	0
Build 4	1	1	0
Build 47	1	1	0
Build 486	1	1	0
Build 487	1	1	0
Build 5	1	1	0
Build 53	1	1	0
Build 65	1	1	0
Build 9b	1	1	0
Butsubutsu Koukan no Maki	1	0	1
Byte-Off III	1	1	0
C-D2	1	1	0
C-D3	1	1	0
C64CD - 2018	1	1	0
C64Mark - 2020	1	1	0
CAFe DEMOPARTY 2019	1	1	0
CCS	1	1	0
CD Gioco	1	0	1
CD Help e Backstage	1	0	1
CES 1993	1	0	1
CK-008	1	1	0
CM	1	0	1
CNROM	1	1	0
COMPUTE!'s Gazette	1	1	0
CSAW CTF 2015	1	1	0
CTC-15	1	1	0
CTC-31	1	1	0
Calpis Water Version	1	0	1
Car-Relative Steering	1	0	1
Carleton Handley - 2021	1	1	0
Carrion - 2022	1	1	0
Casino Game	1	0	1
Castle, Escape from the Planet of the Robot Monsters, and Cosmo-Cruiser - Mission One - EU	1	1	0
Castle, Konext, and Bully Embassy - EU	1	1	0
Cat-1 and Gunner - EU	1	1	0
Ceilings and Editor	1	1	0
Champion Boxing and Safari Race - KR	1	1	0
Channel 8 Software	1	1	0
Character Disk	1	1	0
Character Tkool	1	0	1
Chuugakusei Jidai	1	0	1
Cloud 99, Agatha's Folly, and The Jade Stone - EU	1	1	0
Club Nintendo	1	0	1
Clue Crossword - EU	1	1	0
Coca-Cola Kenshouhin	1	0	1
Codemasters - Fast Food, Pro Skateboard, Pro Tennis	1	1	0
Colin's Time Trousers, Crossword, Faller, Line Game, and Tile Game - EU	1	1	0
Colossus Chess, International Football & Silicon Syborgs	1	1	0
Colour	1	1	0
Colour Clash - EU	1	1	0
Columbia Version	1	1	0
Commodore Plus - 2023	1	1	0
Competition Cart, 10k points	1	0	1
Competition Cart, 1m points	1	0	1
Contra '93	1	1	0
Cosine Systems - 2001	1	1	0
Cosine Systems - 2003	1	1	0
Cosine Systems - 2006	1	1	0
Cosine Systems - 2007	1	1	0
Cosine Systems - 2009	1	1	0
Cosine Systems - 2011	1	1	0
Cosine Systems - 2012	1	1	0
Cosine Systems - 2014	1	1	0
Cosine Systems - 2020	1	1	0
Cosmos Cruiser, Castle, and Humphrey - EU	1	1	0
Covert Bitops - 2002	1	1	0
Creative Sparks	1	1	0
Crossword Bonanza, Rock 'n' Roll, and King-Albert - EU	1	1	0
Crossword Edition 1 - EU	1	1	0
Crossword Edition 2 - EU	1	1	0
Crossword and Tray Game - EU	1	1	0
CyberTennis, Mr. Slidey, and Infection - EU	1	1	0
Cyclone's Best	1	0	1
Cymbal Software	1	1	0
D	1	0	1
D-N3	1	1	0
D-T2	1	1	0
D42	1	1	0
DA1AC0DB	1	0	1
DEFCON 26 Indie Badge	1	1	0
DERF, Invaders, Xs & Os, and Tron - EU	1	1	0
DFJN5015ZAZ	1	0	1
DH-08	1	0	1
DH-64	1	0	1
DS-H352	1	1	0
DS-H353	1	1	0
DS-H354	1	1	0
DS-H355	1	1	0
Daigakusei Jidai & Koukou kara Daigaku ni Agaru ma no Haruyasumi	1	0	1
Darius Cozmic Revelation	1	0	1
Dark Version	1	0	1
Darren Foulds - 2019	1	1	0
Darro99 & Erazzking - 2021	1	1	0
Davey Jones Locker, The Jade Necklace, Witch Hunt, The Challenge, The Cup, Realm of Darkness, The Hammer of Grimmold, Mutant, Matchmaker, Jack and the Beanstalk, The Enchanted Cottage, and Lifeboat - EU	1	1	0
De+Fr,De,Nl	1	0	1
Deathshadow  - 2012	1	1	0
Debug Version	1	0	1
Defiance Studios - 2017	1	1	0
Demo-Add-On Disc	1	0	1
Derek - 2019	1	1	0
Deutsch	1	1	0
Dev	1	0	1
Die Alliierten	1	0	1
Die Sowjets	1	0	1
Digest-ban	1	0	1
Digital Edition	1	1	0
Digital Monastery - 2014	1	1	0
Digital Monastery - 2016	1	1	0
Digital Monastery - 2018	1	1	0
Digital Monastery - 2019	1	1	0
Digital Monastery - 2022	1	1	0
Digital Video	1	0	1
Dino Sorcerer, The Adventures of Captain Comic, Blob, Missile Base, and Crossword - EU	1	1	0
Disk 1 - Bishoujo Connection - JP	1	1	0
Disk 1 - Mahjong Game Hontai - JP	1	1	0
Disk 1 - Tokimeki Gals - JP	1	1	0
Disk 1 - Yonin no Tenshi Tachi - JP	1	1	0
Disk 2 - Dai H Taikai - JP	1	1	0
Disk 2 - Daitan H na Hirusagari - JP	1	1	0
Disk 2 - Tottemo H na Gogo - JP	1	1	0
Disk 2 - Yonin to Dai H Taikai - JP	1	1	0
Donnie Russell II - 2022	1	1	0
Double Action 53 - Volume 2	1	1	0
Double case	1	0	1
Doukon Pack	1	0	1
Dr. Mortal Wombat - 2021	1	1	0
Dr. TerrorZ - 2021	1	1	0
Dr. Terrorz - 2018	1	1	0
Dr. Wuro Industries - 2016	1	1	0
Dr. Wuro Industries - 2018	1	1	0
Dr. Wuro Industries - 2021	1	1	0
Drachenberg Studios - 2022	1	1	0
Dragon Quest VI	1	1	0
Dragon Quest VII	1	1	0
Dragon Quest VIII	1	1	0
Draughts and Batz 'n Ballz - EU	1	1	0
Driver Mines, Chaos, and L.O.T.I.S.B. - EU	1	1	0
Dungeon 1 Disk	1	1	0
Dungeon 2 Disk	1	1	0
Durell	1	1	0
Dutch Patience, Music Trivia, and Kids Stuff 1 - EU	1	1	0
Dynavision	1	1	0
E	1	0	1
E3 1997	1	0	1
EB4-3 E	1	1	0
EB4-3 X	1	1	0
EB4-4 A	1	1	0
ECTS 2000	1	0	1
EGS	1	0	1
EU - Disc 1 - Magical Drop III	1	1	0
EU - Disc 1 - Wings of Destiny	1	1	0
EU - Disc 2 - Chronicles of Arthur	1	1	0
EU - Disc 2 - Magical Drop Plus 1	1	1	0
EU - Disc 3 - The First Generation	1	1	0
EU - Disc 4 - Blazing Guns	1	1	0
EU - Power Source Demo Disc	1	1	0
Easier	1	1	0
Easy	1	1	0
EayFlash	1	1	0
Ecco the Dolphin	1	0	1
Ecco the Dolphin II	1	0	1
El Juego	1	0	1
Elysium - 2022	1	1	0
En+En+En,Fr,De	1	0	1
En+En,Es,It,Sv,Da	1	0	1
En+En,Fr,De	1	0	1
En+En,Fr,De,Es,It,Nl,Sv,Da	1	0	1
En+En,Ja,Fr,De,Es	1	0	1
En,Es,Nl+Es,It	1	0	1
En,Es,Nl+Fr,Nl	1	0	1
En,Fr,De+De	1	0	1
En,Fr,De+En,Fr,De,Es,It	1	0	1
En,Fr,De+Fr	1	0	1
En,Fr,De,Da+En,De	1	0	1
En,Fr,De,Es+En,Fr,De,Es,It,Nl	1	0	1
En,Fr,De,Es,It+En	1	0	1
En,Fr,De,Es,It,Nl+En,Fr,De,Es,It	1	0	1
En,Fr,De,Es,It,Nl+En,Fr,De,Es,It,Nl,Sv,No,Da,Fi	1	0	1
En,Fr,De,Es,It,Nl,Sv,Da+En	1	0	1
En,Fr,De,Es,It,Sv+En,Fr,De,Es,It	1	0	1
En,Fr,It+Es,It	1	0	1
En,Fr,It+Fr,Nl	1	0	1
En,Ja+En,Ja,Fr,De,Es,It	1	0	1
En,Ja,Fr,De,Es+En,Ja	1	0	1
En,Ja,Fr,De,Es,It+En	1	0	1
En,Ja,Fr,De,Es,It+En,Ja,Fr,De,Es	1	0	1
En,Zh-Hant	1	0	1
En-US,Es-MX,Pt-BR	1	0	1
Endurance Course	1	1	0
Endurion - 2015	1	1	0
Endurion - 2018	1	1	0
Engagement Edition	1	1	0
Enhanced Soundtrack Disc	1	0	1
Enterbrain Collection	1	0	1
Ep-MyCard	1	0	1
Episode 1 Tsuki no Shinden	1	0	1
Episode 2 Shitou! Wily Numbers	1	0	1
Episode 23	1	0	1
Episode 24	1	0	1
Episode 25	1	0	1
Episode 26	1	0	1
Episode 3 Saigo no Tatakai!!	1	0	1
Equinoxe - 2017	1	1	0
Es+En,Fr,De,Es,It	1	0	1
Es,It+En,Es,It,Sv,Da	1	0	1
Es,It+Es	1	0	1
Es,It+It	1	0	1
Escape, Triple Peaks, and Numbers - EU	1	1	0
Europe-ban	1	0	1
Evasive+, Satellite, Bombs Away, and Farewell... - EU	1	1	0
Expert - Desert	1	1	0
Expert - Dirt	1	1	0
Extra Box	1	0	1
F	1	0	1
F-202	1	0	1
F-4001	1	1	0
F-4002	1	1	0
F-4003	1	1	0
F-4004	1	1	0
F-4005	1	1	0
F-4006	1	1	0
F-4007	1	1	0
F-4008	1	1	0
F-4009	1	1	0
F-4010	1	1	0
F-Y2	1	1	0
FAAT, FABT, FACT	1	0	1
FABT, FACT, FAET, FAFT	1	0	1
FACT	1	0	1
FACT, FADT	1	0	1
FAFT	1	0	1
FC999	1	1	0
FK-8004	1	1	0
FK-8006	1	1	0
FK-8379	1	1	0
FK-C4-33	1	1	0
FL-4466A	1	1	0
FL-58	1	1	0
FS006	1	1	0
FS303	1	1	0
FS305	1	1	0
FS308	1	1	0
Famitsuu Version	1	0	1
Fast Version	1	1	0
Fears Behind	1	0	1
Field Hunter	1	0	1
Fiendish Freddy's Big Top o' Fun, Flimbo’s Quest, Klax & International Soccer	1	1	0
Final Cut	1	0	1
Fingers - NA, Rev 1 - Disc 1	1	1	0
Fire and Earth - NA - Disc 1	1	1	0
Fivers and Telly Trivia - EU	1	1	0
Fixed E-F Color Bug	1	1	0
Flashback Entertainment	1	1	0
Flight of Fantasy, Occult Connection, The Last Battle, and Matt Lucas - EU	1	1	0
Fortress, Solitaire, T 'n' T, and Shoot-em-Up - EU	1	1	0
Forward Entry	1	0	1
Fourteen-Out and D.O.E. P.S.A. Skittles - EU	1	1	0
Fr+En	1	0	1
Fr+En,Fr,De,Es,It	1	0	1
Fr,Nl+Fr,De,Nl	1	0	1
Freetime, Strategy, Cash-Flow, Solitaire, and Defusion! - EU	1	1	0
Frisbee Ken John - JP	1	1	0
From Seiya Monogatari Taikenban - JP	1	1	0
Fruit Machine, Laser Dodge, Yahtzee, Drac Attack, Worms World, Dead Ducks, Dan's Diamonds, Solitaire, Simon, Annoyance, and Spec Tiles - EU	1	1	0
Fruity, Bug2, and Gardner - EU	1	1	0
Future was 8bit, The - 2020	1	1	0
GBA Enhanced	1	0	1
GF3 B	1	1	0
GF4-2 F	1	1	0
GF4-2 X	1	1	0
Gallop	1	0	1
Galvinator - EU	1	1	0
Game Honpen	1	0	1
GameCube, Zelda Collection	1	0	1
Gamtec	1	1	0
Geir Straume - 2022	1	1	0
Gem-X, Sports Game, Immortal Combat, and Universe - EU	1	1	0
General Instrument	1	0	1
General Knowledge Quiz, Toad Shot, and City Bomber - EU	1	1	0
Genghis Khan	1	1	0
Gensokigou Master	1	0	1
Gentei Set	1	0	1
Ghost Sweeper	1	0	1
Glitchcore Version	1	1	0
Global Game Jam 2016	1	1	0
Global Game Jam 2020	1	1	0
Global Game Selection 2000	1	0	1
Go!, Adventurer, Santa Goes Psycho, A Nightmare on Sesame Street, and Banzai! Solitaire - EU	1	1	0
Goatscrote - 2022	1	1	0
Gold Mine - Rev 4, Pontoon, and Two-in-a-Bed - EU	1	1	0
Goliath	1	0	1
Graffiti - EU	1	1	0
Gran Turismo Mode	1	0	1
Gridlock, The Roman Empire, and Eater - EU	1	1	0
Gridwords and Tap Trouble - EU	1	1	0
Grue Knapped! - EU	1	1	0
Guessagram, Japanese Patience, and Snake Mania - EU	1	1	0
Guesshue and A Day at the Races - EU	1	1	0
GunBullet + GunCon	1	0	1
HES	1	1	0
HMNK-143	1	1	0
HOT B	1	0	1
Hacker International	1	1	0
Hanafuda de Koi!	1	0	1
Hangman and Patience - EU	1	1	0
Hard	1	1	0
HesWare	1	1	0
Hey Sung	1	1	0
HiCom	1	0	1
Hindsbosoft - 2014	1	1	0
History of Super Robot Wars	1	0	1
Home World and Stom - EU	1	1	0
Homeworld, Light Cycles, and Sum Game - EU	1	1	0
Honpen Disc Ichi	1	0	1
Honpen Disc Ni	1	0	1
Hot Mario Campaign	1	0	1
Hot Pursuit and Solitaire - EU	1	1	0
Hudson Soft	1	0	1
Hulten Brothers - 2014	1	1	0
Hunchy - EU	1	1	0
IC4-4 B-1	1	1	0
IC4-4 X	1	1	0
INTV	1	0	1
INTV Corp.	1	0	1
Ichigo Disc	1	0	1
Il Gioco	1	0	1
Imagic	1	1	0
Impossamole - EU	1	1	0
Improved Version	1	0	1
Indoor	1	1	0
Infinite R.E. - EU	1	1	0
Infinite lives	1	1	0
Input 64	1	1	0
Interactive Sampler CD	1	0	1
Interceptor	1	1	0
Intermission Disc	1	0	1
Interplay 1988	1	1	0
Intro	1	1	0
Introes	1	0	1
Invaders from Planet X - EU	1	1	0
Invasion, SAM Mines, and Bats - EU	1	1	0
Invasion, TankZap, and Green's Games - EU	1	1	0
Invincibility	1	1	0
J-D1	1	1	0
JAL Kinai Hanbai Gentei	1	0	1
JF-002	1	1	0
JJ-01	1	1	0
JMHWANG	1	0	1
JP - Disc 1 - Ichigo	1	1	0
JP - Disc 1 - Kamen Rider	1	1	0
JP - Disc 1 - Thunder Storm	1	1	0
JP - Disc 1 - Thunder Storm LX-3	1	1	0
JP - Disc 1 - Vol. 1 - Toki no Maigo	1	1	0
JP - Disc 2 - Addition	1	1	0
JP - Disc 2 - Append	1	1	0
JP - Disc 2 - Gallop	1	1	0
JP - Disc 2 - Momo	1	1	0
JP - Disc 2 - Omake Disc	1	1	0
JP - Disc 2 - Portrait CD	1	1	0
JP - Disc 2 - Premium CD	1	1	0
JP - Disc 2 - Sengoku Kawaraban - Digital Edition	1	1	0
JP - Disc 2 - Shadow Over Mystara	1	1	0
JP - Disc 2 - Vol. 2 - Inochigake no Tabi	1	1	0
JP - Disc 3 - Vol. 3 - Watashi ni Sayonara wo	1	1	0
JP - Hybrid Version	1	1	0
JP - Kisekae Disc Kanzenban	1	1	0
JR Nishi-Nihon Presents	1	0	1
JY-011	1	1	0
JY-035	1	1	0
JY-074	1	1	0
JY-076	1	1	0
JY-120A	1	1	0
JY-227	1	1	0
JY-609	1	1	0
JY010	1	1	0
JY039	1	1	0
Janky Multiplayer	1	1	0
Jet Set SAM, Bee Bopping, Addiction, and Last Stand II - EU	1	1	0
Jeu	1	0	1
Jim Roof	1	1	0
John Christian Lønningdal and Saul Cross - 2016	1	1	0
Jon Wells - 2001	1	1	0
Joypad	1	0	1
Juice - NA, Rev 1 - Disc 2	1	1	0
Jumper and Snake! - EU	1	1	0
Just-in-Case	1	1	0
Just-in-Caser	1	1	0
Just-in-Casest	1	1	0
K	1	1	0
K-E3	1	1	0
K-Tel	1	1	0
K-W3	1	1	0
K-tel	1	1	0
K1023	1	1	0
K23-001	1	1	0
K4022	1	1	0
K4033	1	1	0
KG-410	1	1	0
KG-448	1	1	0
KG-449	1	1	0
KG-450	1	1	0
KG-457	1	1	0
KG-458	1	1	0
KG-459	1	1	0
KG-460	1	1	0
KG-461	1	1	0
KG-462	1	1	0
KG-481	1	1	0
KG-483	1	1	0
KG-495	1	1	0
KG-496	1	1	0
KG-497	1	1	0
KS-7010	1	1	0
KS-7012	1	1	0
KS-7013	1	1	0
KS-7016	1	1	0
KS-7016B	1	1	0
KS-7021A	1	1	0
KS-7030	1	1	0
KS-7031	1	1	0
KS-7032	1	1	0
KS-7037	1	1	0
KS-7047	1	1	0
KS-7057	1	1	0
KT 2136	1	1	0
KT-2128	1	1	0
KT-2214	1	1	0
KY-2001	1	1	0
Kabuto - 2012	1	1	0
Kamen Rider	1	0	1
Kari	1	0	1
Karmic - 2021	1	1	0
Karsten Senkel - 2020	1	1	0
Kayou-ban	1	0	1
Keihin Ban	1	0	1
Kellogg Original Waku Waku Doki Doki Ninki Game Chara Daishuugou! - JP	1	1	0
Key Disc	1	0	1
Kickstarter Version	1	1	0
Kiosk, E3 1997	1	0	1
Kisekae Disc	1	0	1
Kisekae Disc Kanzenban	1	0	1
Knock-Out, SAM Coupé Derby, and Guess the Number - EU	1	1	0
Knockout Whist, Bug Fever, Ludo, and Mastermind - EU	1	1	0
Kobyashi Ag'Kwo, Crack City, Diablo, and The Darkest Road - EU	1	1	0
Koei the Best	1	0	1
Kojiroh Disc	1	0	1
Kor,A	1	1	0
Kor2	1	1	0
Kou Yuukan Hen	1	0	1
Koukousei Jidai	1	0	1
LA01	1	1	0
LA03	1	1	0
LA04	1	1	0
LA05	1	1	0
LA06	1	1	0
LA07	1	1	0
LA10	1	1	0
LA16	1	1	0
LA17	1	1	0
LA20	1	1	0
LA22	1	1	0
LA25	1	1	0
LA34	1	1	0
LA40	1	1	0
LA42	1	1	0
LA59	1	1	0
LB16	1	1	0
LB30	1	1	0
LB31	1	1	0
LB33	1	1	0
LB35	1	1	0
LC-Games - 2022	1	1	0
LC10	1	1	0
LD12	1	1	0
LD28	1	1	0
LE05	1	1	0
LE08	1	1	0
LE10	1	1	0
LEE05040	1	1	0
LEE08072	1	1	0
LF11	1	1	0
LF36	1	1	0
LG06	1	1	0
LG25	1	1	0
LG4 E	1	1	0
LG4 X	1	1	0
LH09	1	1	0
LH10	1	1	0
LH12	1	1	0
LH15	1	1	0
LH28	1	1	0
LH29	1	1	0
LH30	1	1	0
LH32	1	1	0
LH42	1	1	0
LH51	1	1	0
LH53	1	1	0
LH54	1	1	0
LH57	1	1	0
LH89	1	1	0
LH90	1	1	0
La Documentation	1	0	1
Labyrinth and 9D Noughts and Crosses - EU	1	1	0
Langrisser IV Disc	1	0	1
Langrisser V Disc	1	0	1
Laser Squad, Black Jack, and Circuitry - EU	1	1	0
Later	1	0	1
Lawson Station	1	0	1
Lazycow - 2019	1	1	0
Lemming Attack - EU	1	1	0
Lemmings, Bong!, Worms World, Jaws, Dice Game, and Ore Warz Extra levels - EU	1	1	0
Let's Sugoroku	1	0	1
Level 1	1	0	1
Level 11-G	1	0	1
Level 2	1	0	1
Level 3	1	0	1
Levels 000	1	0	1
Levels 1 and 2	1	1	0
Levels 3 and 4	1	1	0
Levels 5 and 6	1	1	0
Levels-B	1	0	1
Li Cheng	1	0	1
Library	1	0	1
Light Cycles and Sum Game - EU	1	1	0
Light Phaser	1	0	1
Lightcycles Trundle, Battleships, Snooker, Lazer Maze, Hi-Lo, Alf the Apple Eater, Pontoon, Blitz-Kreig, Shanghai, Lovehearts, Squiggle, OXO, Goalie, Explode, and Rescue - EU	1	1	0
Lightcycles Trundle, Hi-Lo, and SAM Crossword - EU	1	1	0
Link! and Bouncing Things - EU	1	1	0
Lock-on	1	0	1
Long Yu Tianxia	1	1	0
Lost & Found Volume 2	1	0	1
Ludum Dare 44	1	1	0
Ludum Dare 47	1	1	0
Ludum Dare 50	1	1	0
Ludum Dare 52	1	1	0
Luna Software	1	1	0
Lycanthrope Fix by Zoinkity - NA	1	1	0
M-16	1	1	0
M-D2	1	1	0
M-I6	1	0	1
M-U1	1	1	0
MAX - v01	1	1	0
MAX - v02	1	1	0
MAX v01	1	1	0
MAX v02 - Alt	1	1	0
MD102	1	1	0
MDST17FF	1	0	1
MDST6636	1	0	1
MDSTEE13	1	0	1
MR4-1 A	1	1	0
Macbeth and Tetris - EU	1	1	0
Maciej Malecki - 2022	1	1	0
Mad Dog - NA, Rev 1 - Disc 3	1	1	0
Mad Productions - 2010	1	1	0
Made in EU, Made in Japan	1	0	1
Magfest 2023	1	1	0
Magic - EU	1	1	0
Magical Drop +1	1	0	1
Magical Drop III	1	0	1
Magicalpha - EU	1	1	0
Mahjong de Pon!	1	0	1
Majesco	1	0	1
Manic Remix, Triple Peaks, The Thief, Tron, and Ant Farm - EU	1	1	0
Mariano Kalafatovich - v1.1 - 2021	1	1	0
Marina Disc	1	0	1
Mastermind - EU	1	1	0
Mastermind, Fruit Machine, and Santa! The Adventure - EU	1	1	0
Mattack - EU	1	1	0
Maze, The Witching Hour, Invaders, Pontoon, and Higher or Lower - EU	1	1	0
Mega 6	1	0	1
Mega Drive PlayTV	1	0	1
Mega Power	1	0	1
Mega Sega	1	0	1
Megastyle - 2019	1	1	0
Megastyle - 2020	1	1	0
Megastyle - 2021	1	1	0
Megastyle 2019	1	1	0
Melbourne House	1	1	0
Memory Bank Disc	1	0	1
Metal Slug 3 boot	1	1	0
Meteor Mania, Jetpac, Omahf, Haunted House, and Universe Sim - EU	1	1	0
Method	1	0	1
Microprose Soccer, Rick Dangerous & Stunt Car Racer	1	1	0
Minadzuki - Kotobuki - Sakura	1	0	1
Mindscape	1	0	1
Mine, Reversal, Hide 'n' Seek, and React - EU	1	1	0
Minesweeper - EU	1	1	0
MiniGame Compo 2004	1	1	0
Mirrorsoft	1	1	0
Mission 1 - Mine Menace	1	1	0
Mission 2 - Sub Crash	1	1	0
Mission 3 - The Bank Job	1	1	0
Mission 4 - Countdown to Terror	1	1	0
Mission Briefing	1	0	1
Mix 'n Match, Colour Clash, and Patience - EU	1	1	0
Mix 'n' Match, Tiler, and The Quest for the Green Frog - EU	1	1	0
Mix256 - 2011	1	1	0
Moai-ui Bomul - KR	1	1	0
Mod	1	1	0
Momo Disc	1	0	1
Mondo21 Version	1	1	0
Mono	1	1	0
Monster Game	1	0	1
Moonlander and Othello - EU	1	1	0
Mouse Controller Set	1	0	1
Mr. NOP - 2016	1	1	0
Mr. NOP - 2017	1	1	0
Mr. Pac and Bumpy - EU	1	1	0
Mr. Pilot and Pegs - EU	1	1	0
Mr. SID - 2014	1	1	0
Multicart Rip	1	0	1
Mummy	1	1	0
Mune Kyun	1	0	1
Museum	1	0	1
Mushies!, Fade, and Fine Line - EU	1	1	0
Music	1	0	1
Music v1	1	1	0
Music v2	1	1	0
Myth Struggle	1	1	0
N-32	1	1	0
NA - Disc 1 - Shockwave - Invasion Earth	1	1	0
NA - Disc 2 - Evolution Disc	1	1	0
NA - Disc 2 - Shockwave - Operation Jumpgate	1	1	0
NA - Disc 2 - Turbo Mode Disc	1	1	0
NA, Rev 2 - Simulation Mode	1	1	0
NA, Rev 5R, 6R	1	1	0
NC-80	1	1	0
NCN-21	1	0	1
NES Classic Edition	1	1	0
NES Mini Version	1	1	0
NESDev 2020	1	1	0
NESDev22 Compo Final	1	1	0
NESWORLD Edition	1	1	0
NESWorld	1	1	0
NESdev Compo 2020-21	1	1	0
NGen	1	0	1
NHL 06	1	0	1
NR8QV1 PCB	1	1	0
NR8QV2 PCB	1	1	0
NT Fixed	1	1	0
NT-328	1	1	0
NT-6031	1	1	0
NT-6089	1	1	0
NT-6098	1	1	0
NT-616	1	1	0
NT-672	1	1	0
NT-851	1	1	0
NT-865	1	1	0
NT-881	1	1	0
NTSC Decoder	1	1	0
NTSC Full	1	1	0
NTSC Version	1	0	1
Nanjin	1	1	0
Nantong	1	1	0
Nearly Final	1	1	0
Neo Organic Bioform	1	0	1
New Generation Software	1	1	0
New Version	1	1	0
Nickelodeon Movies	1	0	1
Nicktoons	1	0	1
Nine Man's Morris and Clock Patience - EU	1	1	0
Nintendo Gateway System	1	0	1
No EXP chip	1	0	1
No Way Back - EU	1	1	0
Noah, Escape, and Midnight Special - EU	1	1	0
Non-working	1	0	1
Norbert Kehrer - 2013	1	1	0
Not For Sale	1	0	1
Noughts and Crosses - EU	1	1	0
Noughts and Crosses 3, Quizzard 2, 4.Square, The Shrink, and Shut the Box - EU	1	1	0
November 1996 - NA	1	1	0
November, 1988	1	1	0
OXO, Pontoon, and Caterpillar - EU	1	1	0
Object	1	0	1
October Version	1	1	0
Old	1	1	0
Older	1	1	0
Omake Books Version	1	1	0
Omake Disk	1	0	1
One Level Demo Disc	1	0	1
Ordernum and Bert Ball - EU	1	1	0
Ore Warz and Dracula - EU	1	1	0
Orochi	1	1	0
Otameshi-ban	1	0	1
Otanoshimi Data Disc	1	0	1
Outdoor	1	1	0
Oxyron - 2016	1	1	0
Oxyron - 2022	1	1	0
Oziphantom - 2017	1	1	0
P's Club Genteiban	1	0	1
P-C5	1	1	0
P-H3	1	1	0
P1022	1	1	0
P1X3L-net - 2013	1	1	0
P4H	1	0	1
P5H	1	0	1
PAL Full	1	1	0
PAL-NTSC	1	1	0
PAQA, PokeTan, Pocket Jiman	1	0	1
PC10	1	0	1
PCB,alt	1	1	0
PL-0002	1	1	0
PL-0006	1	1	0
PN3 B	1	1	0
PN4 E-1	1	1	0
PROPER 12K	1	0	1
Pacnsacdave Reproductions	1	1	0
Pairs, Mem-Ex, and Lines - EU	1	1	0
Paltry July Update	1	1	0
Papposoft - 2007	1	1	0
Part 3	1	1	0
Patreon	1	1	0
Patreon Demo 0320	1	1	0
Pearl	1	1	0
Perfect Guide	1	0	1
Personal Computing Whirled! - EU	1	1	0
Pet Evolve	1	1	0
Pet Family	1	1	0
Pharaoh	1	1	0
Phoenix, The Violator of Voodoo, and Aztec Assault - EU	1	1	0
Photo Album	1	0	1
PiMania II - PiMan's Progress and Annoyance - EU	1	1	0
Piepacker	1	1	0
Pixel Heart	1	0	1
PlayMag Demo	1	0	1
PlayStation Taiou	1	0	1
Playable Game Preview	1	0	1
PocketStation Doukon	1	0	1
Poker for One, Blaster, and Noah - EU	1	1	0
Pond Software - 2016	1	1	0
Pond Software - 2018	1	1	0
Pond Software - 2019	1	1	0
Pond Software - v1.1 - 2016	1	1	0
Portrait CD	1	0	1
Power House	1	1	0
Premium CD	1	0	1
Premium Fan Disc	1	0	1
Presence of Mind '98 Prototype	1	1	0
Press Start Immediately at Clip 1, Clip 2, and Clip 3 and It Will Eventually Load	1	1	0
Princess Clara	1	0	1
Printable Crossword 2 and Spyship - EU	1	1	0
Printable Crossword and QQQ Logic - EU	1	1	0
Pro ni Kike!	1	0	1
Profile Disc	1	0	1
Proper	1	1	0
Prototype - Cliff Level	1	1	0
Prototype - Downtown, Tuna Factory, FHZ, and AI Test Level	1	1	0
Prototype - Dragon Layout	1	1	0
Prototype - Gremlin Demo Disk	1	1	0
Prototype - Ninja Mucky Level	1	1	0
Prototype - Plane Level	1	1	0
Prototype - Prison, Sewer, Observatory, and Nakatomi Tower	1	1	0
Prototype - Scorpion Layout	1	1	0
Prototype - Test Level	1	1	0
Prototype - Warehouse, Hospital, King Pin's Pad, and Police Department	1	1	0
Prototype, Rev 2000-05-28 Fixed	1	1	0
Protovision - 2002	1	1	0
Protovison - 2022	1	1	0
Psytronik - 2009	1	1	0
Psytronik - 2010	1	1	0
Psytronik - 2017	1	1	0
Puzzy	1	0	1
Quelle	1	0	1
Quintet, Line Up, Pixsaw, and Flip-It - EU	1	1	0
Quix, Quix II, Manic Mazes, Math, and Le Box - EU	1	1	0
Quizzard, Antimaze, and Trail Racer - EU	1	1	0
R2	1	0	1
RC.1	1	1	0
RC.3	1	1	0
RC.4a	1	1	0
RC58	1	1	0
RCB	1	0	1
RGCD - 2011	1	1	0
RT-01	1	1	0
RT-04	1	1	0
Racing	1	0	1
Radarsoft	1	1	0
Rain, Gravitoid 2350, Duck Hunt, and Space Junk - EU	1	1	0
Re-Hashed by Jon Wells	1	1	0
Recalbox	1	1	0
Recalled	1	0	1
Red Disc	1	0	1
Red Door - EU	1	1	0
Reflect, Heavier Than Metal, Reverse, GFX, M Driver, and Fishinvaders - EU	1	1	0
Remastered	1	1	0
Rental	1	0	1
Retream - 2022	1	1	0
Retro Achievements Version	1	1	0
Retro Collection	1	0	1
Retroad	1	1	0
Retrosouls - 2020	1	1	0
Reverse Entry	1	0	1
Reversi, Clue Crossword, and Tank Chase - EU	1	1	0
Ricky's Quiz Show, Underwater Adventure, and Lunar Buggy - EU	1	1	0
Riff Sampler Test	1	0	1
Robert A. Tokar	1	0	1
Robot War IV	1	1	0
Rod & Emu - 2017	1	1	0
Rod & Emu - 2018	1	1	0
Rod & Emu - 2019	1	1	0
Route A	1	1	0
Route B	1	1	0
Route C	1	1	0
Route D	1	1	0
Route E	1	1	0
RunStop64 - 2022	1	1	0
Ryuu Hangan Hen	1	0	1
S-F6	1	1	0
S-M6	1	1	0
S-P1	1	1	0
S-P6	1	1	0
SAAS	1	0	1
SACS	1	0	1
SADS, SAES	1	0	1
SAM Fruit and SAMSnake - EU	1	1	0
SAM Mines, EggBum, Surface Raider, and Hang-SAM! - EU	1	1	0
SC4-2 A	1	1	0
SC4-3 X	1	1	0
SCADS Demo MK II, Space Worm 2, Snail Race, and Hang Man - EU	1	1	0
SCADS Demo, Spaceball, Bug, Space Worm, and Chemical Test - EU	1	1	0
SCES-00064	1	0	1
SCES-00121	1	0	1
SCUS-94177	1	0	1
SCUS-94224	1	0	1
SCUS-94290	1	0	1
SCUS-94295	1	0	1
SCUS-94439	1	0	1
SCUS-94470	1	0	1
SCUS-94956	1	0	1
SDK 3.0	1	0	1
SLPM-87153	1	0	1
SLUS-00612	1	0	1
SM4-4 E	1	1	0
SNS-NA	1	0	1
SPC009	1	1	0
Samar Productions - 2007	1	1	0
Sample-ban	1	0	1
Samsung	1	0	1
Santa '96, Space Invaders, Word Search, and Squiggly - EU	1	1	0
Santa Goes Psycho 2 and Xmas Blokit - EU	1	1	0
Scene World Magazine - 2022	1	1	0
Scientific Atlanta	1	0	1
Screen 7	1	1	0
Screen-Relative Steering	1	0	1
Sea Wolf - EU	1	1	0
Secret Characters and 60 FPS Patches by Gallaux - NA	1	1	0
Sega 3D Fukkoku Akaibusu	1	0	1
Sega CD	1	0	1
Sega Classic	1	0	1
Sega Gopher	1	0	1
Sega Pro	1	0	1
Sega-Galaga and Monaco GP - KR	1	1	0
Seiyuu Interview Hi CD	1	0	1
Sengoku Kawaraban - Digital Edition	1	0	1
Service Price-ban	1	0	1
Set 2	1	1	0
Shadow over Mystara	1	0	1
Shadows of the Past - EU	1	1	0
Shallan - 2019	1	1	0
Shanghai Tycoon	1	1	0
Shanghai, Highway, and Bomb! - EU	1	1	0
ShareData	1	0	1
Shirayuki - Ijuin - Nozaki	1	0	1
Shokai Gentei Box	1	0	1
Shokai Gentei Special Package	1	0	1
Shokai Gentei Yobikake-kun	1	0	1
Shokai Seisan Gentei Shiyou	1	0	1
Shokai Seisan Genteiban	1	0	1
Shokai Seisanban	1	0	1
Shokai Suuryou Genteiban	1	0	1
Shot Yousei Kouza Vol. 1	1	0	1
Shot Yousei Kouza Vol. 2	1	0	1
Shougakusei Jidai	1	0	1
Showdown	1	0	1
Sierra Online	1	1	0
Sink the Sub, SAM Coupé Derby, Quizmaster! Question Game, Football, Go-Kart, Count, Guess the Number, and Snake - Vertical - EU	1	1	0
Sintax	1	0	1
Sky, G-Tennis, and Meiro Game - JP	1	1	0
Slider Puzzle - EU	1	1	0
Slider and Three - EU	1	1	0
Sliding Puzzle - EU	1	1	0
Slow Tanks	1	0	1
Slow Version	1	1	0
Slydeeo and Computer Patience - EU	1	1	0
Small Maze	1	1	0
Smash - NA, Rev 1 - Disc 4	1	1	0
Snake Mania, Mr. Pac, and Bottles - EU	1	1	0
Sniper Fire, Repel, and Chase & Slidy - EU	1	1	0
Soccer	1	0	1
Solitaire, Snake - Large Playfield, and Crossword Edition 3 - EU	1	1	0
Sonic Compilation ~ Sonic Classics	1	0	1
Sony Computer Entertainment Special	1	0	1
Sony Style - No Rounding	1	1	0
Sorbas - 2021	1	1	0
Sos - 2014	1	1	0
Soukan Junbigou Hibaihin	1	0	1
Soul Magician, Patience, and Dotty - EU	1	1	0
Space Invaders! - EU	1	1	0
Space Moguls - 2019	1	1	0
Spec Tiles, Attack Raiders, Inter-Race, and Not Again! - EU	1	1	0
Special	1	0	1
Special CD	1	0	1
Special CD-ROM	1	0	1
Special Fishing Set	1	0	1
Special Limited Pack	1	0	1
Special Pack	1	0	1
Special Version	1	0	1
Special Version 1	1	0	1
Special Version 2	1	0	1
Special-ban	1	0	1
Speeder and Bend Bent - JP	1	1	0
Spellmaster, Parallax, and Starshot - EU	1	1	0
Spring	1	0	1
Springy Thingy and Placer - EU	1	1	0
Sputnik World - 2018	1	1	0
Sputnik World - 2021	1	1	0
Square Soft on PlayStation Previews	1	0	1
Square's Preview Extra	1	0	1
Standalone Game from Tokimeki Memorial - Forever with You - JP	1	1	0
Standard - Dirt	1	1	0
Standard - Quarry	1	1	0
Standard Controller	1	0	1
StarTrekker and Ultimate Warrior - EU	1	1	0
Starbug and Mosaic - EU	1	1	0
Starbyte - 1990	1	1	0
Starshot, Mine, Fortress, EggBum, 3D Maze, Whirlpool, and Black Box - EU	1	1	0
Stax!, SAM the Man, Submarine, and FRED Game - EU	1	1	0
Stocks, Maze Muncher, and Bits and Bobs - EU	1	1	0
Strider Hiryuu	1	0	1
Strider Hiryuu 2	1	0	1
Subgames	1	0	1
Summer	1	0	1
Suntek	1	0	1
Super Action Controller	1	0	1
Super Justice King	1	1	0
Super Man	1	1	0
Super Mario Collection - 25th Anniversary	1	0	1
Super Rally, Super Rally 2, Change, Moonlander, 21 or Bust, Monopoly, Star Cry, Megabert, S.O.S., Pontoon, Snake, and Prince of Persia - EU	1	1	0
Super Robot Wars Complete Box	1	0	1
Super Tank - KR	1	1	0
SuperUFO	1	1	0
Supersoft	1	1	0
Swallower and Cribbage - EU	1	1	0
Sweets for My Sweet and Ice Chicken - EU	1	1	0
Synsoft	1	1	0
System-X - 2021	1	1	0
T-230	1	1	0
T-T3	1	1	0
TJAJ	1	0	1
TJBJ	1	0	1
TJCJ	1	0	1
TJDJ	1	0	1
TJEJ	1	0	1
TMR - 2018	1	1	0
TND - 2020	1	1	0
TND+Blazon - 2023	1	1	0
TNT-Beyond Force - 2010	1	1	0
TOBJ	1	0	1
TRSI - 2011	1	1	0
Tag Anywhere and Features Menu Patches, Rev 5, by Isotarge - NA	1	1	0
Taijing Dadong	1	0	1
Taikenban 1	1	0	1
Taikenban 2	1	0	1
Taisen Sen'you Disc	1	0	1
Tambourine Set	1	0	1
Teddy Boy Blues - JP	1	1	0
Tenpins, Meteor Runner & Vortex	1	1	0
Tentou Jitsuenban	1	0	1
Tentou Shiyuudai-you Disc	1	0	1
Tentou-you Movie Disc	1	0	1
Tentou-you Special CD-ROM	1	0	1
Terror Disc	1	0	1
Test Drive Disc	1	0	1
Tetris, Shanghai, and Soccer Boss - EU	1	1	0
Tetris, Sim Island, and Gods - Demo - EU	1	1	0
The Atom Field Game - EU	1	1	0
The Bugulators, Draconis, and Frog Squad - EU	1	1	0
The Dark Tower - EU	1	1	0
The Documentation	1	0	1
The Dragon	1	1	0
The Edge	1	1	0
The Hermitage and Corya the Warrior-Sage I - Dragon - EU	1	1	0
The Legend of Zelda - Ocarina of Time leftover data	1	0	1
The Lost Tomb of Ananka - EU	1	1	0
The Mojon Twins - 2010	1	1	0
The Number Puzzle, Tycoon, and Tetris - EU	1	1	0
The Rail Game - EU	1	1	0
The Retro Room	1	0	1
The Secret City of Kokos Khan, and SCADS Demo - EU	1	1	0
The Taxman Cometh - EU	1	1	0
The Trader Trilogy - Part 1 - Pegasus, Guess a Tune, and The Tower of Hanoi - EU	1	1	0
The Valley - EU	1	1	0
The Wars of the Roses and The Game of Nim - EU	1	1	0
The Wyrme, Investigations, Clue Crossword, and Pontoon - EU	1	1	0
TheStuffMade - 2022	1	1	0
Theater	1	0	1
Thunderbolt II	1	0	1
Thundervision	1	1	0
Time Crisis + GunCon	1	0	1
Tokusei Premium Disc	1	0	1
Topo Soft	1	1	0
Tower of Doom	1	0	1
Track 39	1	1	0
Track 4	1	1	0
Track 40	1	1	0
Track 41	1	1	0
Track 42	1	1	0
Track 43	1	1	0
Track 44	1	1	0
Track 45	1	1	0
Track 46	1	1	0
Track 47	1	1	0
Track 48	1	1	0
Track 49	1	1	0
Track 50	1	1	0
Track 51	1	1	0
Track 52	1	1	0
Track 53	1	1	0
Track 54	1	1	0
Track 55	1	1	0
Track 56	1	1	0
Track 57	1	1	0
Track 58	1	1	0
Track 59	1	1	0
Track 60	1	1	0
Track 61	1	1	0
Track 62	1	1	0
Track 63	1	1	0
Track 64	1	1	0
Track 65	1	1	0
Track 66	1	1	0
Track 67	1	1	0
Track 68	1	1	0
Track 69	1	1	0
Treasure Island and The Magic Isle - EU	1	1	0
Treasure Island, The Ellisnore Diamond, The Dark Tower, and The Mines of Lithiad - EU	1	1	0
Triltex 2, Puzzled, Maths, and Castle - EU	1	1	0
Triltex and Sim Island - EU	1	1	0
Triltex and The Viking Game - EU	1	1	0
Tringle and StereoMove - EU	1	1	0
TsuriCon Taiouban	1	0	1
Tweaks	1	1	0
Twierdza	1	1	0
U.F.O. - Alien Massacre, Robots, Kaboomy Game from Planet Fip, and Mines - EU	1	1	0
U.S. Version	1	1	0
UBI Soft	1	1	0
UNROM 512	1	1	0
UOROM	1	1	0
Ubi Soft	1	0	1
Un CD Bonus	1	0	1
Under Fire, Battleships, SAM Tetris, Puzzle Slider, Save the Village! - EU	1	1	0
Unreal - 2006	1	1	0
Up the Wall, Solitaire!, and Abo - EU	1	1	0
VR-Disc	1	0	1
VT-3074	1	1	0
VT-3121	1	1	0
VT-327	1	1	0
VT-482	1	1	0
VT302	1	1	0
VT365,NT2057	1	1	0
VT5114,NT2041	1	1	0
VT605	1	0	1
Value 1500	1	0	1
Vector5 Games - 2021	1	1	0
Verkami	1	1	0
Version 1	1	0	1
Version 1 Jugador	1	0	1
Version 2	1	0	1
Version 2 Jugadores	1	0	1
Version 2 Spieler	1	0	1
Version 2.0	1	0	1
Version 2.00S	1	0	1
Version 2.01R	1	0	1
Version 2.01S	1	0	1
Version 2.10	1	0	1
Version 3	1	0	1
Version 5	1	0	1
Version 6	1	0	1
Version 7	1	0	1
Versione 2 Giocatori	1	0	1
Vertical Orientation	1	1	0
VideoGames	1	0	1
Visualize Software - 1995	1	1	0
Vol. 2 - Inochigake no Tabi	1	0	1
Vol. 3 - Watashi ni Sayonara wo	1	0	1
WARNING! WILL TURN ALL COLORS BLACK!!	1	1	0
WQ2006 D	1	1	0
WQ5412	1	1	0
WS-0040	1	1	0
WS-0362	1	1	0
WaterWorks Extra Level, Invaders, and Squarius - EU	1	1	0
WaterWorks, Flip 'n Hell, and Invaders - EU	1	1	0
WaterWorks, The Bugulators, Dyzonium, Spell Master, M-C Demo, Impatience, Parallax, and Frog Squad - EU	1	1	0
Waterworld, Astroball, WordSearch, Panic Attack, and Vegas - EU	1	1	0
Weapons Update	1	1	0
Web Version	1	1	0
Werner Soft - 2022	1	1	0
What's Going On	1	0	1
Whirlygig, Grubbing for Gold, and Connect 4 - EU	1	1	0
Wind and Fang Tu - NA - Disc 2	1	1	0
Windmill and Shapes Puzzle - EU	1	1	0
Winter	1	0	1
With Bugfixes - EU	1	1	0
With Question Editor - EU	1	1	0
Wiz 'n' Liz - EU	1	1	0
WonderWitch	1	0	1
Wop Gamma, Kreuzen, and New York Game - EU	1	1	0
X	1	1	0
X-Sights, Wabbitz, C Mines, Ants, and Sim Brick - EU	1	1	0
XYZ	1	1	0
Xword, Bingo, and Crashout - EU	1	1	0
YOKO	1	1	0
YY-01	1	1	0
YY-030	1	1	0
YY0807	1	1	0
Yahtzee and Memory Game - EU	1	1	0
Yahtzee, Super League, Tower of Hanoi, Pain Game, Horsie, and Invaders - EU	1	1	0
Yahzee or Yacht and Seven Card Poker - EU	1	1	0
Yancheng	1	1	0
Yarudora Series Vol. 1 - Double Cast	1	0	1
Yellow Disc	1	0	1
Yoko	1	0	1
Yokokuban	1	0	1
Ys - The Oath of Felghana	1	1	0
Ys Origin - Hugo	1	1	0
Ys Origin - Yunica	1	1	0
Yumie Island	1	0	1
Yuugi-ban	1	0	1
ZAZ	1	0	1
ZBZ	1	0	1
ZR006	1	1	0
Zeropaige - 2019	1	1	0
Zig-Zag - EU	1	1	0
Zoinks, Captain Cosmic, Nine Card, and Lottery - EU	1	1	0
Zoo Digital	1	0	1
^^; (Japan	1	0	1
aa9d5fd	1	1	0
aka Crazy Coaster	1	1	0
aka Froggee	1	1	0
aka Overlord	1	1	0
aka Pengo	1	1	0
aka Skate Ball	1	1	0
aka Speedboat Race	1	1	0
aka Tournament Snooker	1	1	0
alpham2	1	1	0
alpham2p	1	1	0
androdun	1	1	0
aodk	1	1	0
aof	1	1	0
aof2	1	1	0
aof2a	1	1	0
aof3	1	1	0
aof3k	1	1	0
b2b	1	1	0
bakatono	1	1	0
bangbead	1	1	0
bitbitJAM #3	1	1	0
bjourney	1	1	0
blazstar	1	1	0
boot	1	1	0
bootleg 1	1	1	0
bootleg 2	1	1	0
breakers	1	1	0
breakrev	1	1	0
bstars	1	1	0
bstars2	1	1	0
bstarsh	1	1	0
bugfix	1	1	0
burningf	1	1	0
burningfh	1	1	0
burningfp	1	1	0
burningfpa	1	1	0
canonical off-blacks	1	1	0
cfcb276	1	1	0
columnsn	1	1	0
crswd2bl	1	1	0
crsword	1	1	0
ct2k3sa	1	1	0
ct2k3sp	1	1	0
cthd2003	1	1	0
ctomaday	1	1	0
cyberlip	1	1	0
dev	1	1	0
diggerma	1	1	0
dk'tronics	1	1	0
doubledr	1	1	0
dragonsh	1	1	0
eightman	1	1	0
fatfursp	1	1	0
fatfurspa	1	1	0
fatfury1	1	1	0
fatfury2	1	1	0
fatfury3	1	1	0
fbfrenzy	1	1	0
fightfev	1	1	0
fightfeva	1	1	0
flipshot	1	1	0
frogfest	1	1	0
froman2b	1	1	0
fswords	1	1	0
galaxyfg	1	1	0
ganryu	1	1	0
garou	1	1	0
goalx3	1	1	0
gowcaizr	1	1	0
gpilots	1	1	0
gpilotsh	1	1	0
gururin	1	1	0
ironclado	1	1	0
irrmaze	1	1	0
janshin	1	1	0
jockeygp	1	1	0
jockeygpa	1	1	0
joyjoy	1	1	0
jwarby	1	1	0
k0rn	1	1	0
kabukikl	1	1	0
karnovr	1	1	0
kf10thep	1	1	0
kf2k2mp	1	1	0
kf2k2mp2	1	1	0
kf2k2pla	1	1	0
kf2k2pls	1	1	0
kf2k3bl	1	1	0
kf2k3bla	1	1	0
kf2k3pl	1	1	0
kf2k3upl	1	1	0
kf2k5uni	1	1	0
kizuna	1	1	0
kof2000	1	1	0
kof2000n	1	1	0
kof2001	1	1	0
kof2001h	1	1	0
kof2002	1	1	0
kof2002b	1	1	0
kof2003	1	1	0
kof2003h	1	1	0
kof2k4se	1	1	0
kof94	1	1	0
kof95	1	1	0
kof95a	1	1	0
kof95h	1	1	0
kof96	1	1	0
kof96h	1	1	0
kof97	1	1	0
kof97h	1	1	0
kof97k	1	1	0
kof97oro	1	1	0
kof97pls	1	1	0
kof98	1	1	0
kof98a	1	1	0
kof98ae	1	1	0
kof98h	1	1	0
kof98k	1	1	0
kof98ka	1	1	0
kof99	1	1	0
kof99e	1	1	0
kof99h	1	1	0
kof99k	1	1	0
kof99ka	1	1	0
kof99p	1	1	0
kog	1	1	0
kotm	1	1	0
kotm2	1	1	0
kotm2a	1	1	0
kotm2p	1	1	0
kotmh	1	1	0
lans2004	1	1	0
lastblad	1	1	0
lastbladh	1	1	0
lastbld2	1	1	0
lasthope	1	1	0
lasthpcd	1	1	0
lastsold	1	1	0
lbowling	1	1	0
legendos	1	1	0
lresort	1	1	0
lresortp	1	1	0
magdrop2	1	1	0
magdrop3	1	1	0
maglord	1	1	0
maglordh	1	1	0
mahretsu	1	1	0
malcontent - 2021	1	1	0
marukodq	1	1	0
matrim	1	1	0
matrimbl	1	1	0
miexchng	1	1	0
minasan	1	1	0
moshougi	1	1	0
ms4plus	1	1	0
ms5pcb	1	1	0
ms5plus	1	1	0
mslug	1	1	0
mslug2	1	1	0
mslug2t	1	1	0
mslug3	1	1	0
mslug3b6	1	1	0
mslug3h	1	1	0
mslug4	1	1	0
mslug4h	1	1	0
mslug5	1	1	0
mslug5h	1	1	0
mslugx	1	1	0
mutnat	1	1	0
nam1975	1	1	0
ncombat	1	1	0
ncombath	1	1	0
ncommand	1	1	0
neobombe	1	1	0
neocup98	1	1	0
neodrift	1	1	0
neofight	1	1	0
neomrdo	1	1	0
neothund	1	1	0
ninjamas	1	1	0
nitd	1	1	0
nitdbl	1	1	0
overtop	1	1	0
panicbom	1	1	0
pbobbl2n	1	1	0
pbobblen	1	1	0
pbobblenb	1	1	0
pgoal	1	1	0
pnyaa	1	1	0
popbounc	1	1	0
preisle2	1	1	0
prev	1	1	0
prototype. bootleg	1	1	0
pspikes2	1	1	0
pulstar	1	1	0
pure blacks	1	1	0
puzzldpr	1	1	0
puzzledp	1	1	0
quizdai2	1	1	0
quizdais	1	1	0
quizdaisk	1	1	0
quizkof	1	1	0
quizkofk	1	1	0
r313	1	1	0
ragnagrd	1	1	0
rbff1	1	1	0
rbff1a	1	1	0
rbff1k	1	1	0
rbff2	1	1	0
rbff2h	1	1	0
rbff2k	1	1	0
rbffspec	1	1	0
rbffspeck	1	1	0
ridhero	1	1	0
ridheroh	1	1	0
roboarma	1	1	0
roboarmy	1	1	0
rotd	1	1	0
rotdh	1	1	0
s1945p	1	1	0
samsh5sp	1	1	0
samsh5sph	1	1	0
samsh5spho	1	1	0
samsho	1	1	0
samsho2	1	1	0
samsho2k	1	1	0
samsho2ka	1	1	0
samsho3	1	1	0
samsho3h	1	1	0
samsho4	1	1	0
samsho4k	1	1	0
samsho5	1	1	0
samsho5b	1	1	0
samsho5h	1	1	0
samsho5x	1	1	0
samshoh	1	1	0
savagere	1	1	0
sbp	1	1	0
sdodgeb	1	1	0
sengoku	1	1	0
sengoku2	1	1	0
sengoku3	1	1	0
sengokuh	1	1	0
shocktr2	1	1	0
shocktro	1	1	0
shocktroa	1	1	0
socbrawl	1	1	0
socbrawlh	1	1	0
sonicwi2	1	1	0
sonicwi3	1	1	0
spinmast	1	1	0
ssideki	1	1	0
ssideki2	1	1	0
ssideki3	1	1	0
ssideki4	1	1	0
stakwin	1	1	0
stakwin2	1	1	0
strhoop	1	1	0
superspy	1	1	0
svc	1	1	0
svcboot	1	1	0
svcpcb	1	1	0
svcpcba	1	1	0
svcplus	1	1	0
svcplusa	1	1	0
svcsplus	1	1	0
tetrismn	1	1	0
tophuntr	1	1	0
tophuntrh	1	1	0
totc	1	1	0
tpgolf	1	1	0
trally	1	1	0
turfmast	1	1	0
twinspri	1	1	0
tws96	1	1	0
unenc	1	1	0
v.01	1	1	0
v2.0-alpha12	1	1	0
v2.0-beta1	1	1	0
v2.0-beta2	1	1	0
v2.0-beta3	1	1	0
v2.0-beta4	1	1	0
v2.0-beta5	1	1	0
v2.0-beta6	1	1	0
v2.0-beta7	1	1	0
viewpoin	1	1	0
vliner	1	1	0
vlinero	1	1	0
wakuwak7	1	1	0
wh1	1	1	0
wh1h	1	1	0
wh1ha	1	1	0
wh2	1	1	0
wh2j	1	1	0
whp	1	1	0
with 3D Control Pad	1	0	1
with Color Emphasis disabled	1	1	0
wjamerss	1	1	0
wjammers	1	1	0
zedblade	1	1	0
zintrckb	1	1	0
zupapa	1	1	0
